mz,significant,chemical
176.1264,False,C6H15N4O2
365.1268,True,C16H20N4O4S
276.0628,False,C10H14NO6P
828.7154,False,C53H94O6
281.2110,False,C17H28O3
324.0588,True,C9H14N3O8P
221.1745,False,C11H24O4
511.1080,False,C22H22O14
429.4090,True,C30H52O
387.2011,True,C19H30O8
193.0681,True,C11H12OS
373.1579,False,C20H24N2O3S
505.1339,True,C24H24O12
323.2209,False,C19H30O4
293.0573,True,C15H13ClO4
436.0589,True,C13H17N5O8S2
307.2631,True,C20H34O2
201.0867,False,C8H12N2O4Pt
784.1691,True,C33H35O22
503.2061,False,C30H30O7
275.0550,False,C14H10MgO6
756.6345,False,C44H85NO8
307.2993,False,C21H38O
165.0402,False,C6H12OS2
305.1091,False,C10H16N4O7
461.1549,False,C22H24N2O9
170.0480,False,C4H11NO4S
283.1175,False,C14H18O6
300.2530,True,C17H33NO3
481.3154,False,C27H44O7
339.0587,False,C10H15N2O9P
264.2069,False,C15H25N3O
135.0400,True,C3H6N2O4
624.6287,True,C40H81NO3
305.1744,False,C18H24O4
811.4275,True,C46H58N4O9
371.2266,True,C16H34O9
487.1023,False,C27H18O9
267.0499,False,C12H10O7
915.1977,False,C45H38O21
168.0515,False,C5H5N5O2
491.1547,False,C24H26O11
367.0116,True,C15H10O9S
351.1225,True,C21H18O5
615.3175,False,C35H42N4O6
147.0434,False,C9H6O2
205.1586,False,C14H20O
603.1340,True,C28H26O15
277.0351,True,C14H12O2S2
263.1064,False,C18H14O2
333.0604,True,C16H12O8
591.1285,True,C34H22O10
189.1848,False,C11H24O2
399.3612,False,C28H46O
397.2059,False,C17H32O10
460.1602,False,C23H25NO9
651.3736,False,C35H54O11
887.8425,True,C58H110O5
318.0731,True,C16H13O7
563.1911,True,C31H30O10
341.1006,False,C20H17FO2S
337.0704,False,C19H12O6
296.0914,False,C17H13NO4
539.4934,True,C36H62N2O
250.9526,False,C4H10O4S4
346.1219,False,C17H19N3O3S
262.1590,False,C19H19N
277.1332,False,C18H16N2O
721.1755,True,C36H32O16
779.7121,False,C49H94O6
288.9583,True,C12H7Cl3O2
391.2290,False,C20H32F2O5
747.2105,True,C39H38O13S
565.2351,False,C22H36N4O13
519.1317,False,C25H26O10S
515.0638,True,C24H18O11S
201.0761,False,C10H16S2
212.0541,True,C9H9NO5
29.0384,False,C2H4
183.0329,False,C6H14S3
889.4836,False,C41H78O16P2
753.6379,True,C49H84O5
396.1917,False,C22H25N3O4
501.2115,False,C27H32O9
314.3165,True,C18H39N3O
442.1468,False,C19H19N7O6
269.2260,True,C20H28
661.1069,True,C26H28O18S
345.3355,False,C21H44O3
501.2229,False,C26H32N2O8
566.2172,False,C34H31NO7
393.2633,True,C23H36O5
812.5224,False,C47H74NO8P
304.1613,False,C11H21N5O5
277.0791,True,C11H11F3N2O3
430.2738,False,C29H35NO2
252.0290,False,C8H11Cl2N3O2
182.0670,False,C6H7N5O2
58.0648,False,C3H7N
505.1526,True,C25H28O9S
675.2454,False,C25H42N2O19
208.1329,False,C12H17NO2
440.1744,False,C23H31Cl2NO3
201.0311,True,C9H9ClO3
482.2570,True,C25H39NO6S
485.1653,False,C22H28O12
705.1329,True,C28H32O19S
485.3109,True,C26H44O8
595.5447,False,C41H70O2
461.4352,False,C31H56O2
366.1633,False,C21H23N3OS
369.2632,True,C21H36O5
150.1124,True,C6H15NO3
213.0435,False,C7H16OS3
199.0786,True,C10H14O2S
252.1009,False,C11H14ClN5
371.0607,False,C15H14O11
801.6478,False,C45H89N2O7P
177.1386,False,C11H16N2
567.5346,True,C36H70O4
902.1591,False,C29H42N7O18P3S
240.1148,False,C13H18ClNO
150.0771,False,C6H7N5
224.2004,False,C14H25NO
388.0304,False,C9H15N3O10P2
325.1618,True,C13H20N6O4
528.3085,False,C27H46NO7P
636.2221,False,C29H37N3O11S
783.4522,True,C41H66O14
278.0327,False,C9H11NO7S
788.5431,False,C42H78NO10P
441.1626,False,C19H20N8O5
308.2218,True,C18H29NO3
109.1010,True,C8H12
382.0606,False,C18H17Cl2NO4
488.7062,True,C10H2Cl10O
420.1360,False,C25H22ClNO3
599.2015,True,C28H31ClN6O7
644.1906,False,C30H33N3O11S
341.0031,False,C6H14O12P2
459.1705,False,C17H30O14
553.3006,False,C29H44O10
360.1565,False,C15H22FN3O6
253.1798,False,C15H24O3
425.0760,True,C16H16N4O8S
483.3468,False,C31H46O4
627.1918,True,C28H34O16
790.5592,True,C42H80NO10P
740.4567,False,C39H65NO12
775.3839,True,C48H54O9
437.4715,False,C30H60O
855.3856,True,C38H62O21
234.1084,True,C8H15N3O5
243.0973,True,C10H14N2O5
523.1445,False,C24H26O13
826.7128,True,C49H95NO8
301.2975,False,C18H38NO2
483.9917,False,C9H16N3O14P3
209.0486,True,C8H16S3
260.1966,True,C12H25N3O3
883.5047,False,C46H74O16
526.2927,True,C27H44NO7P
437.4352,False,C29H56O2
902.7571,False,C52H104NO8P
344.1162,False,C15H21NO6S
465.2231,False,C23H32N2O8
471.2964,False,C26H38N4O4
208.0963,False,C11H13NO3
533.1289,False,C25H24O13
715.3526,True,C35H54O15
695.1911,False,C42H30O10
572.2863,False,C32H37N5O5
214.0265,False,C9H8ClNO3
786.6369,False,C45H88NO7P
578.4178,False,C30H60NO7P
119.0855,True,C9H10
794.5694,True,C45H80NO8P
163.0534,False,C5H10N2O2S
247.1538,True,C12H22O5
551.2851,False,C29H42O10
387.2164,False,C23H30O5
454.4252,False,C28H55NO3
413.3049,False,C27H40O3
275.1276,False,C16H18O4
859.7747,False,C55H102O6
335.1601,False,C17H22N2O5
427.2326,True,C22H34O8
127.0612,False,C4H6N4O
435.0481,False,C13H15ClN6O7S
302.0635,False,C8H16NO9P
721.4802,True,C41H69O8P
147.1374,False,C8H18O2
383.0758,False,C20H14O8
319.1899,False,C19H26O4
662.2377,False,C31H39N3O11S
89.0781,False,C4H12Si
717.5904,True,C40H81N2O6P
365.2111,False,C24H28O3
288.2169,False,C15H29NO4
549.0513,True,C15H22N2O16P2
284.1353,False,C11H17N5O4
823.4123,True,C43H58N4O12
288.0855,True,C9H14N5O4P
356.0142,False,C14H14INO2
145.0645,True,C10H8O
345.1143,False,C22H17ClN2
571.4508,True,C40H58O2
279.1953,False,C17H26O3
257.1135,False,C10H20N2O2Si2
341.0862,False,C15H16O9
182.0447,False,C8H7NO4
553.2278,False,C27H36O12
555.4618,False,C33H62O6
572.1102,False,C20H29NO14S2
192.0866,False,C7H13NO5
618.5172,True,C39H68O5
336.0858,True,C11H17N3O7S
150.0581,True,C5H11NO2S
266.1135,False,C12H15N3O4
451.3415,False,C27H46O5
437.2894,True,C25H40O6
251.1057,True,C9H18N2O4S
426.2614,False,C19H40NO7P
199.2051,True,C13H26O
515.0853,True,C21H22O13S
899.8061,False,C58H106O6
283.1899,True,C16H26O4
235.1440,True,C13H18N2O2
331.1539,False,C19H22O5
295.1936,False,C14H30O4S
198.0873,False,C8H11N3O3
701.5590,False,C39H77N2O6P
625.5037,False,C37H68O7
61.0647,False,C3H8O
204.1131,True,C11H13N3O
683.4363,False,C37H62O11
258.9145,True,C7H5Cl3O2S
841.6673,False,C49H93O8P
481.0797,False,C21H20O11S
626.1477,False,C27H29O17
452.2431,True,C27H33NO5
866.6625,True,C50H92NO8P
512.4673,False,C31H61NO4
609.5604,False,C42H72O2
771.5170,False,C42H75O10P
353.1294,False,C18H19F3N2S
623.5608,False,C39H74O5
399.0921,False,C17H18O11
781.2555,False,C28H50N2O19P2
239.0913,True,C12H14O5
269.0950,False,C12H16N2O3S
311.2943,False,C20H38O2
682.3010,False,C40H43NO9
873.7306,False,C51H101O8P
301.2160,False,C20H28O2
500.2770,False,C25H42NO7P
184.9845,True,C3H5O7P
855.2282,True,C48H38O15
302.0783,True,C16H13O6
263.1275,False,C15H18O4
459.0914,False,C22H18O11
136.0425,False,C4H9NO2S
595.5295,False,C37H70O5
223.0745,False,C7H14N2O4S
294.1448,False,C14H19N3O4
164.0929,True,C7H9N5
653.3584,True,C40H48N2O6
237.0690,False,C11H12N2O2S
282.1852,False,C19H23NO
138.0661,True,C6H7N3O
466.1902,True,C23H29ClFN3O4
565.1340,True,C29H24O12
693.1177,True,C20H26N10O14P2
407.1849,False,C25H26O5
233.0708,False,C15H8N2O
419.2789,False,C25H38O5
455.1119,False,C27H18O7
339.2163,True,C19H30O5
105.0541,True,C4H8O3
385.2008,False,C23H28O5
765.2236,False,C35H40O19
213.1116,False,C11H16O4
433.0587,False,C20H16O9S
861.5486,False,C45H81O13P
241.0706,True,C11H12O6
786.5278,False,C42H76NO10P
305.2474,False,C20H32O2
354.0881,True,C16H14F3N3OS
675.5921,False,C43H78O5
393.2271,False,C22H32O6
300.0792,True,C15H13N3O2S
719.2558,True,C36H38N4O12
899.7123,True,C59H94O6
706.4008,False,C34H59NO14
660.4468,False,C38H61NO8
315.0519,False,C13H14O7S
457.2573,True,C27H36O6
856.7153,True,C50H98NO7P
273.2241,False,C15H32O2Si
416.2794,False,C25H37NO4
215.1275,False,C11H18O4
559.4352,False,C35H58O5
312.0899,False,C14H17NO5S
519.1912,True,C20H30N4O12
365.0324,False,C16H12O8S
790.4731,True,C43H67NO12
259.1901,True,C14H26O4
644.3427,False,C35H49NO10
869.7955,False,C57H104O5
262.0377,False,C9H11NO6S
268.9841,False,C12H9ClOS2
846.7027,False,C49H97O8P
323.1842,False,C18H26O5
425.4711,True,C29H60O
449.0900,True,C21H20O9S
804.4890,False,C44H69NO12
256.1050,False,C11H15N2O5
428.2430,True,C25H33NO5
887.0573,False,C40H22O24
317.0654,True,C16H12O7
424.1321,False,C21H23ClFNO5
511.2172,False,C25H34O11
828.4809,False,C46H70NO10P
423.2096,False,C17H26N8O5
603.9641,True,C10H17N5O17P4
153.1637,False,C11H20
507.0405,False,C21H14O15
608.4649,True,C32H66NO7P
439.1961,False,C22H30O9
178.1462,True,C11H17N2
585.4514,True,C37H60O5
288.2531,False,C16H33NO3
287.2005,False,C19H26O2
778.5379,True,C44H76NO8P
342.2427,False,C22H31NO2
514.1092,False,C22H24O12S
455.4822,False,C30H62O2
173.0361,True,C7H9O3P
637.4665,True,C37H64O8
177.0544,False,C10H8O3
583.2173,True,C31H34O11
287.0759,False,C12H14O8
439.4509,False,C29H58O2
732.4807,True,C38H70NO10P
307.0965,False,C19H14O4
349.1353,False,C12H20N4O8
339.0345,False,C14H10O10
421.2007,False,C26H28O5
748.5275,False,C43H74NO7P
383.0793,False,C17H18O8S
282.1487,True,C18H19NO2
183.1743,False,C12H22O
550.1918,False,C26H31NO12
762.5279,False,C40H76NO10P
639.4018,True,C35H59O8P
659.5609,True,C42H74O5
507.1496,False,C24H26O12
161.0419,False,C10H8S
197.0487,True,C7H16S3
310.1756,True,C15H23N3O4
816.5900,False,C48H82NO7P
163.0865,False,C9H10N2O
778.5744,True,C45H80NO7P
270.1193,False,C10H15N5O4
357.2999,False,C21H40O4
339.3982,False,C24H50
473.2566,True,C24H40O7S
435.2505,True,C21H39O7P
260.1240,False,C10H17N3O5
311.0393,False,C14H9ClF2N2O2
225.1356,False,C12H18NO3
332.1310,False,C10H17N7O6
415.1589,False,C19H26O10
398.2900,False,C22H39NO5
896.1697,True,C27H44N7O19P3S
200.0553,False,C8H9NO5
415.3206,True,C27H42O3
227.0701,False,C14H10O3
575.1489,True,C38H22O6
188.1068,False,C12H13NO
526.3138,False,C24H48NO9P
241.2162,False,C15H28O2
647.5120,True,C35H71N2O6P
118.1224,True,C6H15NO
199.1077,False,C9H14N2O3
417.2271,False,C24H32O6
700.2320,False,C29H33N9O12
304.1091,True,C15H14FN3O3
801.4140,True,C39H62NO16
785.2860,True,C36H48O19
364.1121,True,C17H18FN3O3S
216.1744,False,C15H21N
288.0865,True,C15H13NO5
568.5662,False,C36H73NO3
161.0552,True,C5H8N2O4
259.3107,False,C16H38N2
369.2785,True,C25H36O2
689.6076,True,C44H80O5
119.1064,False,C6H14O2
571.2893,False,C32H42O9
569.3315,False,C30H48O10
473.2043,True,C25H30NO8
88.1120,False,C5H13N
841.6910,True,C53H92O7
852.6473,False,C49H90NO8P
646.4806,True,C35H68NO7P
255.0861,False,C12H14O6
525.1966,False,C25H32O12
381.0261,False,C10H13N4O8PS
779.5795,True,C42H83O10P
803.7122,True,C51H94O6
695.1965,True,C35H34O15
539.0972,False,C30H18O10
371.0761,True,C19H14O8
905.4786,False,C41H78O17P2
190.0498,True,C10H7NO3
621.1809,False,C29H32O15
190.0895,False,C8H15NO2S
723.2544,True,C40H38N2O11
75.9851,False,CHNOS
859.5326,True,C45H79O13P
906.6945,False,C53H96NO8P
278.1750,False,C16H23NO3
285.1193,False,C11H16N4O5
387.1801,False,C22H26O6
257.1283,True,C15H16N2O2
547.1809,True,C27H30O12
815.6523,False,C47H91O8P
95.0602,True,C5H6N2
293.0217,False,C7H15Cl2N2O4P
203.2230,True,C10H26N4
398.0686,False,C12H19N3O8S2
297.1096,False,C11H21O7P
477.3936,False,C30H52O4
146.0959,False,C10H11N
544.1594,False,C22H29N3O11S
340.1133,False,C14H17N3O7
423.2869,True,C21H43O6P
604.2436,False,C27H42N2O9S2
520.2410,True,C31H34O7
776.5586,False,C45H78NO7P
133.0283,True,C8H4O2
848.6162,False,C49H86NO8P
529.2281,True,C27H30F6N2O2
128.0454,True,C4H5N3O2
565.4824,False,C35H64O5
209.1382,True,C9H20O5
611.1217,True,C30H26O12S
333.0994,True,C20H14NO4
865.1455,False,C40H32O22
170.0001,True,C7H4ClNO2
311.2367,True,C22H30O
484.1635,False,C22H29NO9S
147.1128,True,C6H14N2O2
239.0761,True,C8H14O8
369.2999,False,C22H40O4
361.1492,False,C16H24O9
844.2267,False,C36H43O23
179.1429,False,C12H18O
257.1172,False,C16H16O3
681.5604,False,C48H72O2
308.0141,True,C11H10BrN5O
512.5036,True,C32H65NO3
771.6132,False,C48H82O7
293.0865,False,C11H16O9
369.0274,True,C15H12O9S
655.5659,False,C43H74O4
312.1777,True,C12H21N7O3
395.1700,False,C20H26O8
407.1336,False,C20H22O9
335.2113,False,C22H26N2O
248.0491,False,C8H10FN3O3S
157.0050,False,C7H5ClO2
467.3606,True,C23H51N2O5P
147.0649,False,C6H10O4
477.3572,False,C29H48O5
313.0375,True,C13H12O7S
237.1088,False,C9H20N2OS2
685.4801,True,C38H69O8P
573.2328,False,C30H36O11
45.0697,True,C3H8
667.3687,False,C35H54O12
335.1770,False,C20H27ClO2
485.3984,True,C32H52O3
277.0526,False,C14H12O4S
296.1280,False,C18H17NO3
723.5922,False,C47H78O5
328.1543,False,C19H21NO4
416.3369,False,C23H45NO5
202.1216,True,C13H15NO
618.3861,False,C32H51N5O7
872.6163,True,C51H86NO8P
743.2754,False,C34H46O18
271.1262,False,C16H18N2S
450.1804,False,C20H27N5O5S
403.1744,True,C22H26O7
230.9425,True,C8H6S4
785.1558,False,C36H32O20
697.2125,False,C35H36O15
907.5459,False,C46H84O13P2
391.0845,False,C19H18O7S
395.2216,True,C25H30O4
234.1310,False,C14H19NS
338.1815,False,C15H23N5O4
205.0815,True,C7H12N2O5
156.1017,False,C8H13NO2
288.1745,True,C21H21N
196.8973,False,C2HBrClF3
653.4258,True,C36H60O10
255.0847,False,C6H15N4O5P
227.0192,False,C10H10O2S2
229.2160,False,C14H28O2
231.0295,False,C13H10S2
426.1688,False,C22H24ClN5O2
164.0011,False,C4H5NO4S
367.3569,False,C24H46O2
644.3210,False,C30H49N3O10S
288.1186,False,C11H17N3O6
393.1695,True,C24H24O5
215.2368,True,C14H30O
287.0913,True,C16H14O5
915.1622,False,C30H42N7O18P3S
121.0494,False,C4H8O4
385.1128,False,C17H20O10
902.6843,False,C50H96NO10P
403.3054,True,C22H42O6
233.1128,False,C9H16N2O5Se
198.1124,False,C10H15NO3
337.0812,True,C10H16N4O7S
294.0527,False,C14H12ClNO4
120.0289,False,C3H5NO4
345.1177,True,C15H20O9
497.2015,False,C24H32O11
846.6006,False,C49H84NO8P
593.1284,False,C30H24O13
859.4838,True,C47H70O14
509.2345,False,C27H34F2O7
705.1802,False,C36H32O15
892.6060,False,C50H86NO10P
415.2115,True,C24H30O6
431.2192,False,C21H35O7P
275.0946,False,C12H18O5S
267.1226,False,C14H18O5
473.1292,False,C27H22Cl2N4
491.2636,False,C27H38O8
516.1648,False,C29H25NO8
388.9797,True,C6H15O13P3
290.2114,True,C18H27NO2
275.0581,False,C11H14O6S
827.4420,False,C42H66O16
529.1736,True,C24H32O11S
420.0393,True,C12H19Cl2N3O7S
301.0600,False,C10H12N4O5S
353.1416,False,C18H24O5S
519.2950,True,C29H42O8
394.1278,False,C14H23N3O8S
400.7576,False,C10Cl8
297.1570,True,C15H22NO5
646.2388,False,C26H39N5O12S
394.1455,False,C14H23GdN3O10
413.0536,True,C17H16O10S
723.6495,True,C45H86O6
189.0783,False,C11H10NO2
877.8216,True,C56H108O6
486.6906,False,C10Cl10O
144.1495,False,C7H17N3
448.3421,False,C27H45NO4
383.2580,False,C25H34O3
309.1328,True,C16H20O6
771.2130,False,C37H38O18
780.5532,False,C44H78NO8P
403.2114,False,C23H30O6
725.2283,False,C33H40O18
497.1230,False,C29H20O8
389.2533,True,C20H36O7
522.5969,False,C36H75N
529.2279,False,C25H36O12
537.4511,True,C33H60O5
423.0920,False,C19H18O11
479.0820,False,C21H18O13
871.6810,True,C57H90O6
849.4674,False,C42H74O13P2
575.4305,False,C35H58O6
411.3467,True,C25H46O4
557.4717,False,C40H60O
107.0524,False,C4H10OS
227.0761,False,C7H14O8
809.4681,False,C43H68O14
627.4407,False,C42H58O4
353.1956,True,C19H28O6
487.0868,True,C23H18O12
168.9786,False,C3H4O6S
873.2694,True,C56H40O10
606.0841,False,C16H25N5O16P2
401.1523,True,C21H24N2O4S
491.2270,False,C26H34O9
521.2169,True,C30H32O8
173.1072,False,C11H12N2
217.0164,False,C8H8O5S
325.1646,False,C17H24O6
296.1855,False,C16H25NO4
445.3312,False,C28H44O4
324.2168,False,C18H29NO4
329.0685,False,C14H16O7S
271.2995,True,C18H38O
708.4833,True,C43H65NO7
296.1102,True,C18H17NOS
506.3604,False,C26H52NO6P
253.0929,True,C10H12N4O4
196.1331,False,C11H17NO2
195.1853,True,C12H22N2
136.0617,True,C5H5N5
541.2643,False,C27H40O11
235.0782,False,C13H14O2S
327.1299,True,C13H18N4O6
304.1402,False,C14H17N5O3
200.0930,True,C10H9N5
305.0325,True,C11H12O8S
470.0783,True,C14H23N4O8P2S
524.3709,False,C26H54NO7P
533.3141,True,C27H48O8S
409.3098,False,C28H40O2
801.6965,True,C51H92O6
465.0846,False,C21H20O10S
380.0978,False,C10H17N7O7S
335.1853,True,C19H26O5
387.3256,False,C26H42O2
740.5588,True,C42H78NO7P
608.0882,False,C17H27N3O17P2
766.5379,True,C43H76NO8P
671.1817,True,C29H34O18
234.1447,False,C9H19N3O4
279.3044,False,C20H38
671.1223,False,C28H26N6O10S2
637.5764,False,C40H76O5
911.4634,False,C46H70O18
297.0755,False,C17H12O5
383.0064,False,C15H10O10S
601.4208,False,C35H56N2O6
891.8372,True,C57H110O6
101.0204,True,C2H3F3O
746.4965,True,C39H72NO10P
791.0937,True,C33H26O23
219.0863,False,C9H14O6
867.1951,True,C45H38O16S
653.1687,False,C33H32O12S
857.6505,False,C15H11I4NO7S
293.2838,False,C20H36O
279.1379,True,C19H18O2
261.1484,False,C16H20O3
365.0493,False,C10H13N4O9P
610.1701,False,C26H31N3O12S
528.2339,False,C27H33N3O8
750.5278,False,C39H76NO10P
86.0058,True,C3H3NS
428.0366,False,C10H15N5O10P2
453.1331,False,C28H20O6
638.5434,False,C12H4Br6O
171.2105,False,C12H26
293.1225,False,C12H20O8
421.2219,True,C23H32O7
317.0686,True,C16H13ClN2O3
465.1238,True,C18H24O14
867.1765,False,C44H34O19
162.9711,False,C6H4Cl2O
369.1754,True,C15H28O10
345.1542,False,C16H24O8
175.0861,True,C10H10N2O
677.3528,True,C36H52O12
352.9218,False,C14H9Cl5
674.5117,False,C37H72NO7P
419.1698,False,C22H26O8
501.1913,False,C25H31F3O5S
520.3396,False,C26H50NO7P
475.3415,False,C29H46O5
403.3206,True,C26H42O3
867.5956,False,C45H87O13P
443.2425,True,C22H45Cl3Si
291.1256,True,C16H19ClN2O
295.1135,False,C10H18N2O8
127.0501,False,C5H6N2O2
333.1179,False,C14H20O9
479.3843,False,C28H50N2O4
251.1277,False,C14H18O4
235.0964,True,C13H14O4
620.3224,False,C29H45N7O6S
685.2853,True,C36H44O13
543.4923,False,C40H62
835.2226,False,C45H38O16
127.0725,False,C3H6N6
255.1161,True,C12H18N2O2S
819.5100,False,C42H74O15
657.3130,False,C33H44N4O10
539.1333,False,C31H22O9
152.0705,False,C8H9NO2
710.2223,False,C31H39N3O14S
611.3114,False,C37H42N2O6
609.3786,False,C37H52O7
262.1543,True,C14H19N3O2
296.1237,True,C13H17N3O5
461.0982,False,C22H18O11
691.4332,False,C39H63O8P
297.1331,True,C15H20O6
350.3417,False,C23H43NO
212.1465,True,C12H21NS
781.4017,True,C41H56N4O11
412.3780,True,C25H49NO3
683.9305,True,C10H18N5O20P5
213.2212,True,C14H28O
361.1276,False,C19H20O7
543.4043,False,C34H54O5
353.0325,False,C15H12O8S
830.6827,True,C47H93N2O7P
381.1001,False,C18H20O7S
242.0116,False,C9H7NO5S
427.3570,True,C29H46O2
835.5048,False,C42H74O16
528.0720,False,C25H19O11S
727.5353,False,C41H74O10
860.7463,True,C50H102NO7P
499.1079,True,C21H22O14
381.0039,False,C16H10Cl2N2O5
253.1538,False,C13H20N2O3
340.1321,True,C15H21N3O4S
768.4809,False,C41H70NO10P
297.9716,True,C7H8ClN3O4S2
155.0702,True,C8H10O3
455.0372,False,C14H14N8O4S3
839.6756,True,C53H90O7
298.1436,False,C18H19NO3
543.2433,False,C26H38O12
232.1291,True,C9H17N3O4
647.3788,False,C36H54O10
275.0662,True,C13H10N2O5
405.2270,False,C23H32O6
747.4207,True,C34H68O13P2
147.0764,False,C5H10N2O3
915.1800,False,C45H38O19S
834.5279,False,C46H76NO10P
386.3260,False,C22H43NO4
619.4203,True,C36H58O8
332.1638,True,C14H25N3O4S
577.2644,True,C30H31F3N8O
511.4705,False,C30H60N3O3
459.1496,False,C20H26O12
224.0469,True,C11H10ClNO2
705.5903,False,C39H81N2O6P
628.3240,False,C34H41N7O5
500.9358,True,C6H16O18P4
281.1746,True,C16H24O4
195.0284,False,C9H6O5
349.0537,False,C10H13N4O8P
869.0452,True,C20H28N10O21P4
89.0232,False,C3H4O3
399.1284,False,C18H22O10
232.1079,True,C12H13N3O2
541.1915,False,C25H32O13
269.1745,False,C15H24O4
669.2086,False,C37H36N2O6S2
127.0324,True,C5H6N2S
302.1152,False,C14H20ClNO4
303.1774,True,C11H22N6O4
187.1151,False,C10H18OS
829.2819,False,C30H52O26
891.7433,False,C58H98O6
145.0967,True,C6H12N2O2
208.9398,False,C6H2Cl2O4
856.5120,False,C48H74NO10P
351.0915,True,C13H18O11
187.0001,True,C3H7O7P
694.4674,False,C42H63NO7
904.7000,True,C50H98NO10P
327.2064,True,C20H26N2O2
411.1976,False,C22H28F2O5
354.1000,True,C16H19NO6S
443.1733,True,C21H30O8S
113.0053,False,C5H4OS
431.2791,True,C26H38O5
112.0503,True,C4H5N3O
325.2006,False,C18H28O5
303.1662,False,C12H22N4O5
639.5919,True,C40H78O5
515.3152,True,C34H42O4
289.2158,True,C19H28O2
232.1443,False,C13H17N3O
380.2000,False,C19H29N3O3S
277.1280,False,C12H20O7
244.1900,False,C13H25NO3
299.1573,True,C18H22N2S
500.9440,False,C8HF17O3S
363.3253,False,C24H42O2
350.2073,False,C18H27N3O4
201.1591,False,C10H20N2O2
343.1024,False,C15H18O9
188.1433,True,C13H17N
640.1421,True,C31H27O15
884.1330,False,C25H40N7O20P3S
331.0845,True,C14H18O7S
130.9983,True,C5H6S2
432.2743,False,C25H37NO5
377.1302,True,C24H21ClO2
383.2216,False,C24H30O4
276.1075,False,C11H17NO7
441.2494,False,C23H37NO5S
127.0383,False,C6H6O3
433.1492,False,C22H24O9
509.1285,False,C23H24O13
149.0630,True,C6H12O2S
351.1357,False,C19H23ClO4
291.0143,True,C14H10O3S2
559.4873,True,C40H62O
681.3048,False,C33H48N2O11S
755.6058,False,C43H83N2O6P
284.0989,True,C10H13N5O5
877.4989,False,C44H78O13P2
777.6966,True,C49H92O6
309.2271,False,C15H32O6
387.1071,False,C20H18O8
792.5534,False,C45H78NO8P
1029.9783,False,C67H128O6
151.0753,False,C9H10O2
387.9822,False,C13H10ClN3O5S2
549.0878,False,C16H26N2O15P2
385.1702,False,C15H28O11
440.0580,False,C17H17N3O7S2
431.1910,False,C20H30O10
200.0915,False,C9H13NO4
559.1231,True,C30H22O11
237.0105,False,C5H8N4O3S2
245.0353,False,C9H10Cl2N4
438.0556,False,C12H23NO10S3
384.0763,False,C18H19Cl2NO4
788.5222,False,C45H74NO8P
229.1070,False,C11H16O5
374.3417,True,C25H43NO
543.1491,False,C27H26O12
268.1027,False,C9H17NO8
528.3683,False,C32H49NO5
409.2009,False,C25H28O5
197.1535,False,C12H20O2
337.2274,True,C22H28N2O
385.1855,True,C19H28O8
117.1271,False,C7H16O
263.1026,False,C13H14N2O4
155.1430,False,C10H18O
745.5012,True,C40H73O10P
379.9090,False,C8H8Cl3N3O4S2
719.5608,False,C47H74O5
383.1158,False,C18H22O7S
408.1438,True,C23H21NO6
149.0596,True,C9H8O2
261.0967,False,C11H16O7
359.0947,True,C19H18O5S
749.5325,False,C40H77O10P
769.4802,True,C45H69O8P
564.2658,True,C26H45NO8S2
226.1338,True,C14H15N3
475.1809,True,C21H30O12
88.0389,False,C3H5NO2
592.1230,False,C25H25N3O12S
257.1018,False,C12H16O6
345.2527,False,C21H32N2O2
865.6234,True,C50H90O7P2
321.0967,True,C16H16O7
218.1539,False,C14H19NO
651.2647,False,C32H42O14
309.1654,False,C12H24N2O7
284.1112,True,C11H15N4O5
357.0604,False,C18H12O8
493.4978,False,C33H64O2
152.9858,False,C4H8S3
316.0080,True,C14H10BrN3O
705.4008,False,C43H52N4O5
456.1861,False,C21H29NO10
261.1081,False,C10H16N2O6
839.2656,True,C44H42N2O15
497.5291,False,C33H68O2
663.4976,True,C43H66O5
793.5951,False,C43H85O10P
869.5572,True,C55H72MgN4O5
559.3264,True,C32H46O8
295.2016,False,C16H26N2O3
645.3995,False,C37H56O9
183.1379,False,C11H18O2
267.0617,True,C12H14N2OS2
393.0992,True,C19H20O7S
277.0407,True,C10H13ClN2O3S
311.0550,False,C17H10O6
1032.5685,False,C50H87N3O15P2
802.6678,True,C46H92NO7P
223.0417,True,C11H10O3S
179.0855,False,C14H10
207.1742,True,C14H22O
732.5529,True,C40H78NO8P
673.1423,True,C28H32O17S
491.1285,True,C16H23N6O10P
434.8581,True,C9H8I2O4
241.0748,False,C9H20OS3
467.3189,False,C27H46O4S
178.0682,False,C10H11NS
455.0123,False,C18H15ClN2O6S2
683.2697,False,C36H42O13
248.0313,False,C8H10NO6P
157.0759,True,C10H8N2
793.5011,True,C44H73O10P
190.0883,False,C7H15NO3Si
104.1182,True,C4H13N3
263.1639,False,C16H22O3
864.2318,True,C39H43O22
284.0082,False,C7H11NO7P2
464.2906,True,C28H37N3O3
742.1948,False,C32H37O20
296.1255,True,C16H16F3NO
796.5850,False,C45H82NO8P
167.0549,False,C5H10O6
456.0639,False,C16H17N5O7S2
570.2978,True,C22H43N5O12
617.9986,False,C23H25I2NO3
531.3315,False,C31H46O7
288.1132,False,C18H13N3O
425.4336,False,C28H56O2
247.1327,False,C15H18O3
564.5349,False,C36H69NO3
296.0637,False,C8H14N3O7P
855.2930,False,C40H46N4O17
593.5404,True,C40H68N2O
332.0889,False,C17H15O7
787.4837,False,C41H70O14
343.0511,True,C17H12Cl2N4
132.0766,False,C4H9N3O2
237.1118,True,C13H16O4
515.2994,False,C30H42O7
765.5639,True,C41H81O10P
653.4386,True,C33H65O10P
439.1057,False,C20H22O9S
150.0910,False,C9H11NO
191.0734,True,C8H14O3S
258.2062,False,C14H27NO3
591.3177,True,C33H42N4O6
549.4875,False,C35H64O4
129.0179,False,C5H4O4
494.1416,True,C23H25O12
903.2763,True,C39H50O24
162.1353,True,C7H17N2O2
650.6445,False,C42H83NO3
643.5294,True,C41H70O5
307.1750,False,C14H26O7
622.0346,False,C15H22N5O16P3
451.1517,False,C23H27ClO7
783.6496,True,C50H86O6
161.1533,False,C9H20O2
476.1485,False,C22H25N3O7S
465.2974,False,C23H45O7P
553.4399,True,C40H56O
329.0801,False,C13H16N2O6S
504.1922,True,C18H33NO15
613.3732,False,C36H52O8
237.1041,True,C14H17ClO
768.5537,True,C43H78NO8P
218.9956,True,C7H6O6S
399.2198,False,C21H34O5S
120.0443,True,C7H5NO
815.2385,True,C39H42O19
173.1324,True,C13H16
797.6653,True,C51H88O6
543.2224,False,C29H34O10
185.0297,False,C5H4N4O4
820.6211,True,C48H86NO7P
372.1072,False,C19H17NO7
451.0628,False,C19H18N2O7S2
544.1811,True,C27H29NO11
461.2662,False,C23H41O7P
878.6991,False,C52H96NO7P
909.6453,False,C51H91NO10P
429.2397,False,C25H28N6O
209.0668,False,C8H8N4O3
423.2224,True,C19H34O10
259.0600,False,C14H10O5
429.1973,False,C18H28N4O8
503.1184,True,C24H22O12
246.0065,False,C8H7NO6S
505.1912,True,C22H32O13
420.9696,True,C6H15O15P3
164.8825,False,C2Cl4
369.3601,False,C23H46NO2
634.2175,False,C23H39NO19
513.2844,False,C30H40O7
239.1641,False,C14H22O3
391.1232,False,C16H22O11
228.1019,False,C14H13NO2
745.2184,True,C32H40O20
198.1236,False,C9H15N3O2
787.6679,False,C45H91N2O6P
535.2899,False,C29H42O9
489.1026,False,C23H20O12
255.1749,True,C10H28N2OP2
370.3313,False,C22H43NO3
333.2633,True,C18H36O5
645.5451,False,C41H72O5
763.7170,False,C49H94O5
876.6476,False,C51H90NO8P
272.0488,True,C13H9N3O2S
415.2326,False,C21H34O8
187.0713,True,C7H10N2O4
455.2487,True,C20H38O11
639.1552,False,C28H30O17
275.0701,False,C18H10O3
829.2032,True,C35H40O23
793.6340,True,C51H84O6
429.2270,True,C25H32O6
113.0227,True,C5H4O3
719.3636,False,C38H54O13
415.1434,False,C17H20F6N2O3
212.9641,False,C4H8N2S4
78.0366,False,C2H7NS
263.0524,True,C14H13ClNS
514.2129,False,C20H35NO14
221.1899,True,C15H24O
457.3464,False,C33H44O
681.1872,False,C27H36O20
566.0781,False,C15H25N3O16P2
455.1909,False,C22H30O10
332.1492,False,C18H21NO5
174.0913,True,C11H11NO
459.2123,True,C24H30N2O7
877.4061,True,C41H64O20
754.5380,False,C42H76NO8P
613.5550,False,C41H72O3
403.0931,False,C12H23N2O9PS
595.5659,False,C38H74O4
830.6996,True,C48H96NO7P
409.1788,False,C20H28N2O5S
336.1836,False,C18H26ClN3O
379.2227,False,C20H30N2O5
893.4403,False,C44H60N8O12
303.2680,True,C21H34O
410.1655,False,C16H27NO11
689.5865,False,C47H76O3
697.1398,False,C33H28O17
270.1852,True,C18H23NO
241.2637,True,C15H32N2
513.1238,False,C22H24O14
459.2554,False,C28H31FN4O
474.3568,True,C29H47NO4
288.2028,True,C12H25N5O3
774.1697,True,C35H35NO17S
277.1431,False,C16H20O4
448.1363,False,C22H23O10
151.0599,False,C5H10O5
343.0335,False,C9H12FN2O9P
818.2263,True,C38H41O20
727.6232,False,C47H82O5
353.1382,False,C21H20O5
167.1794,True,C12H22
903.4584,False,C44H70O19
216.1590,True,C11H21NO3
717.0601,False,C27H24O21S
316.2846,False,C18H37NO3
659.4305,True,C42H58O6
216.0089,False,C8H7Cl2N3
453.3715,False,C31H48O2
430.2045,False,C24H31NO4S
748.6209,True,C42H86NO7P
469.4036,False,C32H52O2
421.2584,False,C24H36O6
377.2116,False,C22H29FO4
134.0937,False,C6H13AsO3
391.3442,True,C25H44NO2
563.4456,False,C38H58O3
505.0975,True,C23H20O13
775.4520,True,C36H72O13P2
457.1382,False,C18H24N4O8S
323.0955,False,C12H18O10
178.0353,True,C6H11NOS2
172.0096,False,C3H9NO3S2
90.9943,True,C3H3ClO
709.4803,True,C40H69O8P
623.5759,False,C43H74O2
164.0566,False,C6H5N5O
755.3245,False,C36H46N6O12
402.1546,False,C21H23NO7
232.1306,True,C12H16F3N
790.2162,True,C33H41O22
428.1557,True,C20H21N5O6
141.0907,False,C8H12O2
300.2321,False,C20H29NO
48.0568,False,C2H7AsO
437.0471,False,C18H16N2O7S2
261.1555,True,C10H20N4O4
723.5170,False,C38H75O10P
212.1214,False,C10H17N3S
147.0474,False,C6H10O2S
133.0647,False,C9H8O
246.9904,False,C8H6O7S
853.5819,True,C47H83NO10P
512.0586,True,C16H17N9O5S3
482.2465,False,C25H36O9
681.2538,False,C36H40O13
167.0632,False,C8H10N2S
576.3180,True,C32H41N5O5
140.0812,True,C6H9N3O
449.2380,False,C21H36O10
188.8985,False,C2H4S5
83.0490,False,C5H6O
189.1233,False,C8H16N2O3
611.3918,True,C30H59O10P
170.1048,False,C8H13N2O2
509.4926,False,C33H64O3
545.2017,True,C28H32O11
769.4366,False,C40H64O14
397.1490,False,C19H24O9
249.0901,False,C12H13ClN4
880.1385,True,C26H40N7O19P3S
395.0788,False,C18H18O8S
459.3832,False,C30H50O3
309.3504,False,C22H44
389.0713,True,C15H16O12
111.0438,False,C6H6O2
589.2642,False,C31H40O11
405.1097,False,C21H21ClO6
233.1169,False,C14H16O3
761.6641,False,C48H88O6
239.1064,True,C16H14O2
837.5486,False,C43H81O13P
812.4915,False,C42H65N7O9
314.1386,False,C18H19NO4
622.1741,False,C21H36NO18P
673.5917,False,C47H76O2
603.3677,False,C38H50O6
730.5379,True,C40H76NO8P
250.1800,False,C15H23NO2
554.3238,True,C29H48NO7P
139.0499,False,C6H6N2O2
219.1379,False,C14H18O2
179.0557,True,C7H14OS2
398.1588,False,C22H23NO6
895.7748,False,C58H102O6
271.0688,False,C12H9F3N2O2
755.4211,False,C39H62O14
168.1745,False,C11H21N
103.0991,True,C5H12NO
771.6373,False,C44H87N2O6P
371.9869,True,C13H10ClN3O4S2
783.2341,False,C35H42O20
829.4990,True,C40H78O13P2
579.2622,False,C30H42O9S
479.1911,False,C24H30O10
647.3635,False,C32H54O13
709.1610,True,C31H32O19
754.6107,False,C44H84NO6P
637.4824,True,C41H64O5
683.1815,False,C30H34O18
369.0485,False,C12H16O11S
278.2839,True,C19H35N
237.1849,False,C15H24O2
186.8746,True,C2H4Br2
340.2352,True,C23H30O2
531.3161,True,C27H46O10
655.4332,True,C36H63O8P
318.1810,True,C17H23N3O3
463.4508,False,C31H58O2
253.0552,True,C8H12O9
234.1488,False,C14H19NO2
371.0964,False,C16H23BrN2O3
125.1324,True,C9H16
508.3758,False,C26H54NO6P
593.3331,False,C33H44N4O6
899.4997,True,C46H74O17
237.1233,False,C12H16N2O3
275.2114,True,C17H26N2O
611.5239,True,C37H70O6
199.0713,False,C8H10N2O4
651.0827,False,C27H22O19
245.0808,False,C14H12O4
390.1113,True,C18H19N3O5S
433.1128,True,C21H20O10
305.2110,False,C19H28O3
113.0959,True,C7H12O
779.5455,False,C48H74O8
451.1879,False,C24H31ClO6
746.2051,False,C35H37O18
179.0913,False,C7H14O5
176.0194,False,C6H9NOS2
156.9895,True,C2H5O6P
175.0599,False,C7H10O5
219.1337,False,C9H18N2O4
723.4499,True,C40H68O7P2
421.1854,False,C22H28O8
443.1544,False,C20H26O11
173.0959,False,C12H12O
292.0968,False,C18H13NO3
649.3792,True,C32H56O13
229.1432,True,C12H20O4
517.2642,False,C25H40O11
102.1275,False,C6H15N
571.1996,False,C30H34O9S
565.1187,True,C25H24O15
544.0667,True,C25H19O12S
625.1915,False,C32H32O13
211.0823,False,C8H10N4O3
537.3938,True,C35H52O4
640.1785,False,C32H31O14
389.1317,False,C23H20N2O2S
421.1279,False,C24H20O7
450.1107,False,C23H19N3O5S
808.5851,False,C46H82NO8P
521.1863,True,C22H32O14
439.3568,True,C30H46O2
503.0972,False,C27H18O10
197.1171,False,C11H16O3
581.1419,False,C29H26ClFN4O4S
157.1009,True,C12H12
454.1641,False,C20H27N3O7S
261.1596,False,C15H20N2O2
210.0871,True,C9H11N3O3
547.1444,False,C26H26O13
511.0540,False,C21H18O13S
867.7800,False,C57H102O5
501.1753,False,C26H28O10
299.1952,False,C13H24N5O3
381.1754,True,C16H28O10
483.0589,False,C20H18O12S
264.1225,False,C14H17NO4
474.1723,False,C20H23N7O7
822.6005,False,C47H84NO8P
158.0997,False,C8H15NS
314.0935,False,C16H12FN3O3
567.4250,False,C33H58O7
913.5799,True,C49H85O13P
709.6699,False,C45H88O5
236.1275,False,C13H17NO3
523.3386,False,C26H51O8P
467.0968,False,C24H18O10
98.0599,False,C5H7NO
327.0493,True,C17H10O7
411.3620,True,C29H46O
607.5295,False,C38H70O5
266.0228,False,C10H7N3O4S
846.6944,False,C48H96NO8P
755.1044,False,C22H31N9O13P3S
411.1913,False,C23H26N2O5
509.2380,False,C26H36O10
636.3174,False,C29H45N7O7S
379.1175,False,C22H18O6
171.0237,False,C4H11O3PS
454.1681,False,C25H27NO5S
690.4055,False,C34H59NO13
338.2113,False,C22H27NO2
455.1006,True,C20H22O10S
708.4598,False,C39H66NO8P
176.0664,False,C5H9N3O4
208.1443,False,C11H17N3O
308.9692,True,C8H11Cl3O6
453.1180,True,C24H20O9
740.4692,False,C37H70O12S
827.1136,True,C33H30O25
227.1635,True,C13H22O3
448.2161,False,C18H31GdN4O9
407.0889,True,C20H19ClO7
683.4645,True,C38H67O8P
405.1389,True,C17H24O11
607.2549,False,C35H34N4O6
371.2578,False,C24H34O3
357.2262,False,C19H32O6
75.0068,True,C2H2O3
873.2447,True,C41H44O21
375.2641,False,C22H34N2O3
156.9268,False,C2H4S4
100.1120,False,C6H13N
241.1183,False,C11H16N2O4
386.1263,True,C17H23NO7S
791.3330,False,C36H54O19
161.1324,True,C12H16
210.0316,False,C10H8ClNO2
192.1130,True,C10H13N3O
674.4755,False,C36H68NO8P
426.0519,False,C14H19NO10S2
702.5796,False,C40H80NO6P
816.5747,False,C44H82NO10P
302.8775,False,C8H2Cl4O4
164.0528,True,C9H9NS
393.1443,True,C22H20N2O5
263.0673,False,C9H11FN2O6
515.4128,True,C30H58O4S
566.1002,True,C17H30Cl2N5O8PS
521.1653,False,C25H28O12
914.2106,True,C42H41O23
155.1789,True,C11H22
395.0061,True,C16H10O10S
255.0498,True,C11H10O7
347.2225,True,C22H26N4
609.0730,False,C27H20N4O9S2
760.6213,False,C43H86NO7P
671.5760,False,C47H74O2
287.2367,False,C20H30O
452.1483,True,C20H25N3O7S
614.1206,False,C22H31NO15S2
695.2392,True,C29H42O19
587.1945,False,C30H34O10S
89.0417,True,C4H8S
478.3234,False,C21H43N5O7
291.0475,False,C7H15O10P
614.7768,True,C11H9I3N2O4
294.1546,False,C12H23NO7
882.6007,True,C52H84NO8P
499.2246,False,C18H34N4O12
633.4316,False,C33H62NO8P
583.4355,False,C37H58O5
751.3658,False,C38H50N6O10
197.1900,False,C13H24O
328.3208,False,C20H41NO2
293.0688,False,C10H10N7O2S
373.0903,False,C20H17FO4S
476.2506,False,C29H31F2N3O
511.4720,False,C32H62O4
495.2188,False,C26H32F2O7
521.3989,False,C35H52O3
128.0525,False,C6H9NS
339.0532,True,C15H14O7S
248.2569,False,C12H31N4O
548.2125,False,C27H33NO11
233.0379,False,C11H8N2O2S
713.1557,False,C30H32O20
295.0633,True,C14H14O5S
303.2526,False,C17H34O4
831.6835,False,C48H95O8P
141.0724,True,C8H12S
321.1541,False,C14H24O8
495.1131,True,C22H22O13
226.1086,True,C12H11N5
316.0483,True,C15H10ClN3O3
725.4411,True,C46H60O7
114.0371,False,C5H7NS
385.2120,False,C22H28N2O4
114.0912,False,C6H11NO
803.5582,False,C47H79O8P
157.9596,False,C5H4BrN
819.6496,False,C53H86O6
325.0459,True,C15H13ClO6
603.3888,True,C35H54O8
329.1086,False,C12H16N4O7
271.1036,False,C10H14N4O5
418.9914,False,C14H10O13S
572.2939,True,C26H37N9O6
816.6473,True,C46H90NO8P
831.2553,False,C36H46O22
811.4473,True,C42H66O15
210.9736,False,C6H10S4
439.2479,True,C27H34O5
493.3523,False,C29H48O6
395.2064,False,C21H30O7
397.1854,False,C20H28O8
46.0648,True,C2H7N
221.1646,True,C13H20N2O
205.0429,False,C10H8N2OS
303.0862,False,C16H14O6
241.1447,False,C14H16N4
627.4981,True,C40H66O5
754.4174,True,C43H55N5O7
443.1448,False,C22H22N2O8
499.0538,True,C20H18O13S
212.1069,False,C14H13NO
333.2059,False,C20H28O4
389.1121,True,C17H17ClN6O3
379.0957,False,C17H18N2O6S
168.0765,True,C7H9N3O2
437.0168,True,C18H12O11S
185.0114,False,C5H12OS3
451.1056,False,C21H22O9S
681.4701,False,C35H69O10P
655.3263,False,C40H46O8
318.0979,False,C10H21AsO9S
372.2896,False,C24H37NO2
449.1289,False,C18H24O13
1028.5370,True,C50H83N3O15P2
215.1064,True,C14H14O2
886.1638,False,C29H42N7O17P3S
305.1082,False,C12H21N2O3PS
890.1956,False,C29H46N7O17P3S
307.1901,True,C18H26O4
292.1289,False,C16H19ClN2O
421.1910,True,C28H24N2O2
293.0475,False,C14H12O5S
639.1191,True,C27H26O18
135.0289,True,C5H10S2
178.1226,False,C11H15NO
281.0772,False,C13H16N2OS2
273.1232,False,C15H16N2O3
281.1533,False,C19H20O2
124.0504,True,C5H5N3O
516.3084,True,C26H46NO7P
671.4363,False,C36H62O11
281.1619,True,C15H22NO4
381.0190,False,C20H10Cl2N2O2
224.1015,True,C10H13N3O3
349.1908,False,C22H24N2O2
190.2022,False,C8H23N5
283.9875,False,C12H7Cl2NO3
410.0573,False,C14H19NO9S2
409.1776,False,C22H29ClO5
859.5459,False,C42H84O13P2
337.1716,False,C12H24N4O7
331.0425,True,C10H19O6PS2
145.0048,False,C6H5ClO2
109.0647,False,C7H8O
366.0962,True,C12H19N3O8S
844.6786,False,C48H94NO8P
369.1332,False,C21H20O6
151.1117,False,C10H14O
303.1589,False,C18H22O4
537.1755,False,C29H28O10
833.6652,False,C54H88O6
353.0713,False,C12H16O12
191.1137,False,C6H14N4O3
376.1600,True,C16H25NO9
433.0984,True,C18H24O8S2
371.1884,False,C22H27ClN2O
561.3606,False,C25H48N6O8
279.1074,False,C11H18O8
786.3586,False,C43H51N3O11
183.1009,True,C10H14O3
781.0516,False,C34H20O22
451.1234,False,C21H22O11
231.0321,False,C9H10O5S
323.2479,False,C22H30N2
827.5467,True,C53H70N4O4
631.2018,True,C31H34O14
241.2524,False,C16H32O
882.6945,False,C51H96NO8P
517.2038,False,C27H32O10
164.0562,True,C6H13NS2
877.7279,True,C57H96O6
230.0421,True,C5H12NO7P
845.3073,True,C38H52O21
707.6700,False,C49H86O2
414.3211,False,C23H43NO5
183.0804,True,C13H10O
115.0573,False,C6H10S
743.1904,False,C38H34N2O12S
615.4982,False,C39H66O5
641.1347,False,C27H28O18
121.1008,True,C9H12
371.1125,False,C20H18O7
217.0859,True,C13H12O3
584.2866,False,C33H37N5O5
205.0971,False,C11H12N2O2
793.3289,False,C40H48N4O13
617.1990,False,C30H28N6O9
272.1408,False,C14H22ClNO2
264.1018,False,C17H13NO2
682.4441,False,C37H64NO8P
627.1344,False,C30H26O15
254.0882,True,C9H11N5O4
175.1480,True,C13H18
417.2632,False,C25H36O5
249.1081,False,C9H16N2O6
338.1510,True,C16H20FN3O4
680.4130,False,C36H53N7O6
772.5839,True,C43H82NO8P
112.0868,False,C5H9N3
553.3192,False,C30H48O7S
381.1729,False,C20H28O5S
163.0609,False,C7H14S2
537.2329,True,C27H36O11
269.0443,False,C15H8O5
859.2901,False,C56H42O9
883.7749,True,C57H102O6
85.0646,False,C5H8O
304.0576,False,C15H11O7
203.1429,False,C14H18O
256.0150,True,C9H7Cl2N5
367.1863,True,C18H26N2O6
183.0861,False,C6H14O6
469.1851,True,C26H28O8
219.1412,False,C11H22O2S
265.1070,False,C14H16O5
449.3623,False,C28H48O4
718.2790,False,C30H39N9O12
888.5745,False,C50H82NO10P
879.7430,True,C57H98O6
369.2295,False,C23H30NO3
591.4020,False,C31H59O8P
367.1173,False,C21H18O6
757.4368,False,C39H64O14
286.2009,False,C15H27NO4
278.0246,False,C9H12NO5PS
215.0848,False,C9H14N2O2S
250.9872,False,C9H8Cl2O4
441.2018,False,C24H28N2O6
416.1120,True,C16H21N3O8S
302.1749,False,C18H23NO3
153.9989,False,C3H7NO2S2
343.3201,True,C21H42O3
741.4415,False,C39H64O13
666.3117,False,C33H47NO13
351.1260,False,C18H22O5S
794.6058,False,C46H84NO7P
874.7259,False,C50H100NO8P
390.0523,True,C11H19NO10S2
544.5086,False,C36H65NO2
667.4414,True,C37H62O10
96.0808,True,C6H9N
199.1480,False,C15H18
912.7415,False,C53H102NO8P
744.2106,False,C32H39O20
606.3285,False,C33H43N5O6
546.1852,True,C27H33N2O6S2
656.1946,True,C29H35O17
483.1488,False,C22H26O12
694.2129,True,C35H35NO14
310.0639,True,C15H13ClFNO3
449.2897,True,C26H40O6
515.2849,True,C26H42O10
295.2168,True,C20H26N2
862.5591,False,C48H80NO10P
728.5224,False,C40H74NO8P
218.1287,False,C12H15N3O
74.0711,False,C2H7N3
331.0149,False,C12H11ClN2O5S
628.1631,True,C27H31O17
913.5154,True,C47H76O17
697.5765,False,C45H76O5
265.1798,True,C16H24O3
449.5080,True,C32H64
224.0552,False,C10H9NO5
231.0974,False,C9H14N2O5
299.9797,True,C3H12NO9P3
217.0639,True,C8H12N2O3S
888.1434,False,C28H40N7O18P3S
225.1848,True,C14H24O2
319.0713,False,C18H10N2O4
352.1905,False,C22H25NO3
257.0478,True,C11H12O5S
741.1810,False,C39H32O15
529.1703,False,C27H28O11
609.1449,True,C27H28O16
360.0414,False,C10H17NO9S2
325.1431,True,C20H20O4
463.1810,True,C20H30O12
269.1172,False,C17H16O3
680.1094,False,C20H31N3O19P2
801.4991,True,C42H72O14
379.1538,False,C23H22O5
803.4786,False,C41H70O15
493.1339,False,C23H24O12
252.2321,False,C16H29NO
886.5592,False,C50H80NO10P
641.3331,True,C37H44N4O6
127.0058,False,C2H6O4S
125.0343,True,C5H4N2O2
817.7279,False,C52H96O6
593.5139,False,C37H68O5
447.3826,False,C29H50O3
571.0024,False,C21H14O17S
454.0899,False,C20H20ClNO9
827.8291,False,C21H20I3NO10
259.2267,False,C15H30O3
352.0247,True,C15H11O8S
286.1913,True,C17H23N3O
301.1280,False,C14H20O7
557.2169,False,C33H32O8
451.2839,False,C29H38O4
779.5584,False,C45H79O8P
285.0789,True,C16H13ClN2O
44.9970,False,CO2
819.6643,False,C57H86O3
782.6055,False,C45H84NO7P
256.0728,False,C15H11O4
717.5428,False,C40H77O8P
159.1015,True,C8H14O3
297.1396,False,C18H17FN2O
807.4160,False,C42H62O15
241.9869,False,C9H5O6S
411.4560,False,C28H58O
531.1495,False,C26H26O12
780.2767,True,C29H49NO23
209.0589,False,C6H12N2O4S
858.7310,False,C50H100NO7P
165.1122,False,C8H12N4
101.0960,False,C6H12O
90.0548,False,C3H7NO2
251.2369,False,C17H30O
868.3021,False,C43H49NO18
911.5643,False,C49H83O13P
263.0907,False,C14H14O5
160.1807,False,C8H21N3
891.2799,True,C56H42O11
285.1484,False,C18H20O3
199.0752,True,C13H10O2
591.1342,False,C27H26O15
367.0480,False,C16H14O8S
671.2386,False,C40H34N2O8
700.4909,False,C38H70NO8P
419.3152,True,C26H42O4
423.0895,False,C12H23O14P
695.1276,True,C30H30O17S
401.3621,True,C24H48O4
471.1649,False,C25H26O9
411.1649,False,C20H26O9
331.1023,True,C14H18O9
587.1395,False,C28H26O14
235.0355,False,C11H10N2S2
549.1349,True,C24H24N2O13
798.6370,False,C46H88NO7P
300.0896,False,C16H14ClN3O
260.1198,False,C16H18ClN
473.2895,False,C28H40O6
778.4636,False,C42H68NO10P
275.1106,True,C15H15NO4
845.7592,False,C54H100O6
481.5342,True,C33H68O
171.0287,True,C7H6O5
285.1331,True,C14H20O6
410.1728,True,C21H28ClNO5
645.1660,True,C27H32O18
866.1951,False,C27H46N7O17P3S
691.3579,True,C30H60O13P2
703.2231,True,C34H38O16
825.2025,True,C43H36O17
189.0867,True,C7H12N2O4
801.1508,False,C36H32O21
74.0597,False,C3H7NO
282.8202,False,C6Cl6
227.0912,True,C11H14O5
311.0756,False,C14H14O8
423.0802,False,C12H22O14S
278.1903,False,C20H23N
422.1709,True,C23H23N3O5
382.2715,True,C18H40NO5P
331.0658,True,C13H14O10
851.7122,False,C55H94O6
801.2083,True,C34H40O22
740.5223,False,C41H74NO8P
293.1492,True,C15H20N2O4
325.0736,False,C15H16O6S
170.0118,False,C3H7NO5S
219.0763,False,C11H10N2O3
367.0648,True,C10H15N4O9P
281.0410,False,C12H12N2O2S2
818.6632,False,C46H92NO8P
655.1867,False,C29H34O17
195.0873,False,C8H10N4O2
365.0312,True,C10H13N4O7PS
642.0979,False,C23H31NO14S3
648.3754,False,C36H49N5O6
191.0185,False,C6H6O7
207.0651,False,C11H10O4
351.0167,True,C15H10O8S
485.0926,False,C20H20O14
155.0855,False,C12H10Hg
77.0594,False,C3H8O2
447.3092,True,C27H42O5
877.4817,False,C45H64N8O10
142.9923,False,C2H7O3PS
427.3205,False,C28H42O3
213.1844,True,C13H24O2
489.2269,True,C30H32O6
447.3257,False,C31H42O2
1007.9363,False,C67H122O5
531.2499,False,C23H39N5O5S2
879.7800,False,C58H102O5
521.0924,False,C23H20O14
890.5905,False,C50H84NO10P
479.5185,False,C33H66O
118.0859,True,C5H11NO2Se
292.0848,True,C11H17NO6S
318.0694,True,C12H10F3N3O4
716.4532,False,C12H3Br7O
523.2172,False,C26H34O11
470.3051,True,C32H39NO2
577.1339,False,C30H24O12
587.3259,False,C30H52O7P2
902.5107,True,C45H75NO17
307.0809,False,C15H14O7
505.3885,False,C31H52O5
527.0639,False,C25H18O11S
832.5122,True,C46H74NO10P
269.1383,False,C14H20O5
510.3917,True,C26H56NO6P
255.0974,False,C11H14N2O5
337.1830,True,C19H28O3S
411.1107,False,C19H22O8S
469.3675,False,C31H48O3
150.9880,False,C4H6O2S2
826.5381,True,C48H76NO8P
335.0737,False,C9H19O11P
290.1497,False,C15H19N3O3
813.6603,False,C51H88O7
714.2326,True,C34H39N3O12S
369.3151,True,C26H40O
493.0973,False,C22H20O13
741.4484,False,C43H65O8P
689.5139,False,C45H68O5
187.1479,False,C14H18
71.0126,False,C3H2O2
653.2803,True,C32H44O14
261.0274,False,C6H12O9S
186.9388,True,C6H3BrO2
396.3105,False,C23H41NO4
309.1425,True,C15H20N2O5
162.1120,False,C7H15NO3
357.2780,False,C24H36O2
275.0736,False,C15H14O3S
296.1641,False,C19H21NO2
772.4336,False,C36H61N5O13
131.1540,False,C7H18N2
407.3881,True,C27H50O2
508.3420,False,C32H45NO4
813.7328,True,C53H96O5
477.1386,False,C23H24O11
727.0774,False,C32H22O20
629.3104,False,C38H44O8
890.6619,False,C52H92NO8P
437.2662,True,C21H41O7P
237.0757,False,C12H12O5
161.1282,True,C7H16N2O2
138.0910,False,C8H11NO
228.1242,False,C12H13N5
99.0802,False,C6H10O
577.1491,False,C34H24O9
213.0942,False,C11H16O2S
183.0914,False,C12H10N2
275.1025,False,C14H14N2O4
359.2791,False,C20H38O5
513.1754,False,C27H28O10
869.6652,True,C57H88O6
496.3396,False,C24H50NO7P
675.5433,False,C37H75N2O6P
147.1166,False,C11H14
752.4491,False,C40H66NO10P
307.1328,True,C20H18O3
885.7905,True,C57H104O6
649.3944,False,C36H56O10
359.1124,False,C19H18O7
391.0864,False,C15H18O12
258.1698,False,C13H23NO4
365.0688,False,C17H16O7S
179.0481,False,C5H10N2O3S
510.2612,False,C29H31N7O2
859.5763,False,C50H84O7P2
895.3066,False,C38H54O24
439.2227,False,C25H30N2O5
242.1133,True,C10H15N3O4
859.2400,False,C39H42N2O20
304.1019,False,C12H17NO8
502.2950,True,C32H39NO4
440.2276,False,C22H33NO8
868.6060,True,C48H86NO10P
783.4886,True,C42H70O13
151.0244,False,C5H10OS2
682.2274,True,C30H39N3O13S
219.2105,True,C16H26
477.2303,True,C29H33ClN2O2
295.2267,True,C18H30O3
130.0860,False,C6H11NO2
549.1754,True,C30H28O10
609.3420,False,C36H48O8
376.1472,True,C21H23ClFNO2
271.1205,False,C13H19ClN2O2
467.2403,True,C21H39O9P
715.5485,False,C44H74O7
833.6805,True,C58H88O3
224.0836,False,C12H14ClNO
400.2149,True,C23H30ClN3O
663.4956,True,C36H71O8P
166.0316,False,C8H7NOS
462.1603,False,C19H27NO12
183.0283,False,C8H6O5
115.1478,False,C8H18
327.1946,False,C21H26O3
821.3952,True,C42H60O16
288.1077,True,C12H17NO7
446.3263,True,C27H43NO4
630.3788,False,C39H51NO6
79.0535,False,C6H6
291.1007,True,C11H18N2O5S
453.2082,False,C24H30F2O6
667.4331,True,C37H63O8P
338.0587,False,C16H13ClFNO4
771.4519,False,C40H66O14
248.1127,False,C10H17NO6
281.2468,False,C18H32O2
482.1822,False,C27H23N5O4
573.3782,False,C34H52O7
725.0720,False,C20H26N10O12P2S2
545.3470,False,C32H48O7
122.0811,False,C4H11NO3
805.7641,False,C52H100O5
420.7840,True,C10H4Cl8O
663.3738,True,C36H54O11
489.2481,False,C27H36O8
488.1313,False,C24H23O11
788.1800,False,C27H35N9O15P2
331.1571,False,C19H23ClN2O
491.1731,True,C25H30O8S
863.8062,False,C55H106O6
127.0291,True,C7H7Cl
131.1175,False,C6H14N2O
787.2079,True,C37H38O19
733.6211,True,C41H85N2O6P
434.0994,False,C24H17O8
263.1424,False,C11H22N2O3S
377.2685,True,C23H36O4
209.1018,False,C8H16O6
299.1244,False,C11H23O7P
339.0741,False,C15H15ClN2O5
291.2166,True,C15H30O5
801.6842,False,C46H93N2O6P
392.1573,True,C24H22O5
270.3155,False,C18H39N
463.1387,False,C26H22O8
404.1041,False,C13H25NO9S2
206.1537,False,C13H19NO
303.2138,True,C12H26N6O3
257.2109,False,C15H28O3
380.1968,False,C22H25N3O3
759.4161,True,C38H62O15
355.1900,False,C22H26O4
463.3203,True,C31H42O3
323.1266,False,C12H22N2O6S
341.0656,False,C11H20N2O4S3
341.0979,False,C14H16N2O8
314.1265,True,C14H20ClN3O3
518.3240,True,C26H48NO7P
94.9980,True,C2H6S2Se
303.1437,True,C14H22O7
273.0035,True,C5H10N2O7P2
232.0811,False,C9H13NO6
610.3808,True,C30H51N5O8
438.1821,True,C22H26F3N3OS
202.1180,True,C8H15N3O3
681.4053,True,C33H60O14
117.0176,True,C4H4O4
811.5326,False,C41H79O13P
489.2516,True,C24H40O8S
528.2398,True,C20H37N3O13
598.2520,True,C29H36N6O6S
422.2689,False,C27H35NO3
419.2064,True,C23H30O7
45.0330,True,C2H4O
415.3443,False,C27H44NO2
560.1544,True,C22H29N3O12S
138.0786,False,C7H9N2O
279.1009,False,C10H18N2O5S
527.4669,False,C32H62O5
866.1592,False,C26H42N7O18P3S
575.4670,False,C36H62O5
286.1728,False,C15H24O5
581.0921,False,C28H20O14
282.1196,True,C11H15N5O4
163.1480,False,C12H18
753.1867,False,C33H36O20
262.1032,False,C9H15N3O6
893.3376,False,C50H52O15
291.1015,False,C19H14O3
371.3672,False,C27H46
774.5412,False,C45H76NO7P
409.0765,False,C18H16O11
107.0851,False,C8H10
229.1334,False,C14H16N2O
652.2170,False,C29H37N3O12S
642.1170,False,C30H24O16
411.3983,False,C30H50
707.1123,True,C27H30O20S
283.2168,True,C19H26N2
614.1790,False,C27H32O16
574.2063,False,C24H35N3O11S
181.1950,False,C13H24
869.5255,True,C46H76O15
397.2711,False,C19H41O6P
289.2590,False,C14H32N4O2
164.0916,False,C6H13NO4
326.1744,True,C20H23NO3
445.2584,False,C26H36O6
308.1228,False,C14H17N3O5
101.0419,True,C5H8S
523.9979,True,C10H16N5O14P3
901.4791,True,C45H72O18
201.1483,True,C11H20O3
627.3738,False,C33H54O11
242.1247,True,C9H15N5O3
566.4179,True,C29H60NO7P
833.7589,False,C53H100O6
849.6755,True,C58H88O4
162.0405,False,C6H11NS2
420.1049,True,C20H19O10
582.1749,False,C25H31N3O11S
119.0338,False,C4H6O4
601.1187,False,C28H24O15
219.0570,False,C13H11ClO
458.1781,False,C20H23N7O6
342.1481,False,C15H23N3O4S
684.4598,False,C37H66NO8P
227.0014,False,C10H10S3
722.4753,True,C40H68NO8P
482.7224,False,C12H6Br4O
295.1174,False,C15H18O6
533.2268,False,C29H27F3N6O
75.0261,True,C3H6S
381.2168,False,C23H28N2O3
777.2702,True,C30H45N6O16P
141.0545,False,C7H8O3
360.3258,False,C24H41NO
186.9089,False,C2Cl3F3
336.2294,False,C20H31O4
203.1879,True,C11H24NO2
778.7363,False,C50H96O5
390.2136,False,C19H27N5O4
527.3731,False,C33H50O5
661.4801,False,C36H69O8P
540.2591,False,C30H37NO8
695.2178,True,C32H38O17
367.1306,False,C19H23ClO5
592.2322,False,C28H37N3O9S
733.2488,True,C39H40O14
195.0623,True,C6H6N6O2
910.2218,False,C29H50N7O18P3S
151.0387,False,C8H6O3
450.0908,False,C14H27NO9S3
371.2061,False,C19H30O7
510.3270,True,C25H49O8P
161.0437,True,C6H8O5
409.1514,False,C20H25ClN2O5
750.5068,False,C42H72NO8P
290.1386,True,C16H19NO4
321.0639,True,C12H16O8S
255.1225,False,C13H18O5
154.9830,False,C3H6O3S2
147.0280,False,C5H6O5
591.4255,False,C35H58O7
255.0651,False,C15H10O4
827.4832,False,C40H76O13P2
175.0962,False,C8H14O4
114.0660,True,C4H7N3O
193.0971,False,C10H12N2O2
290.1969,False,C15H31NS2
280.1542,False,C15H21NO4
341.3286,False,C21H42NO2
481.3519,True,C28H48O6
869.4161,True,C43H64O18
739.1502,False,C35H30O18
559.2601,True,C33H35FN2O5
719.4645,True,C41H67O8P
832.3826,True,C37H61N5O12S2
264.1803,False,C12H25NO5
60.0443,False,C2H5NO
555.4980,False,C34H66O5
251.0227,False,C9H14O2S3
251.1753,True,C14H22N2O2
834.6006,True,C48H84NO8P
188.0818,False,C10H9N3O
264.1956,False,C16H25NO2
477.1906,True,C28H28O7
758.2052,True,C36H37O18
670.6342,True,C41H83NO5
359.0963,True,C15H18O10
451.2008,True,C20H36O7P2
826.6677,True,C48H92NO7P
588.2331,True,C23H43NO12P2
391.2842,False,C24H38O4
131.1289,False,C5H14N4
768.5901,True,C44H82NO7P
609.1965,False,C32H32O12
626.1836,False,C28H33O16
731.0395,False,C27H22O22S
655.4414,False,C36H62O10
525.0697,True,C22H20O13S
491.2427,False,C30H34O6
595.3992,True,C37H54O6
767.4575,False,C41H66O13
250.0925,False,C10H19NO2S2
660.3411,True,C32H53NO11S
640.1634,False,C28H31O17
109.0282,False,C6H4O2
198.9419,True,C4H7BrO2S
503.2481,False,C24H38O11
227.0774,False,C8H10N4O4
437.1229,True,C24H20O8
397.1696,True,C16H28O11
424.0267,False,C16H13N3O7S2
327.1370,True,C18H19ClN4
352.1766,False,C19H21N5O2
215.0514,False,C10H8F2O3
215.0702,False,C13H10O3
447.2502,False,C25H30N6O2
716.1799,False,C21H35N9O15P2
783.0674,True,C34H22O22
871.1625,False,C43H32O20
458.1590,False,C19H27N3O8S
853.4983,False,C42H78O13P2
306.0810,True,C17H17Cl2N
264.0607,False,C14H14ClNS
717.3690,True,C35H56O15
254.1246,False,C10H15N5O3
206.8552,False,CH2S6
613.3944,False,C33H56O10
347.0760,False,C17H14O8
876.4221,True,C39H53N15O9
136.1120,True,C9H13N
312.1109,True,C11H21NO7S
121.0681,False,C5H12OS
242.1746,False,C13H23NO3
265.0371,False,C9H12O7S
193.1078,True,C9H20S2
431.3519,False,C28H46O3
319.1398,False,C15H18N4O4
747.6648,False,C51H86O3
651.1554,False,C29H30O17
647.5760,False,C45H74O2
315.1801,False,C16H26O6
823.2707,True,C44H42N2O14
671.3914,False,C38H50N6O5
423.4193,False,C28H54O2
353.1983,False,C22H26NO3
690.0936,False,C29H23NO19
503.4538,True,C28H54N8
259.1032,False,C9H14N4O5
285.1917,True,C13H24N4O3
93.9779,False,CH3NS2
154.0258,False,C7H5BiO4
213.1624,False,C16H20
191.0814,False,C10H10N2O2
454.2926,False,C21H44NO7P
279.1590,True,C16H22O4
273.2787,False,C17H36O2
757.2549,True,C34H44O19
277.0706,True,C14H12O6
793.5931,True,C46H82NO7P
141.0657,False,C6H8N2O2
863.2022,False,C42H38O20
374.2899,True,C20H39NO5
901.7280,False,C59H96O6
285.0395,False,C8H16N2O3S3
251.1484,False,C11H22O6
477.3683,False,C28H48N2O4
342.1698,False,C20H23NO4
110.0963,False,C7H11N
587.5032,True,C38H66O4
151.1228,True,C9H14N2
243.1014,False,C15H14O3
789.2083,True,C33H40O22
137.0418,False,C8H8S
115.0498,False,C4H6N2O2
125.0708,False,C6H8N2O
219.0294,False,C12H10S2
731.6061,False,C41H83N2O6P
508.1210,False,C23H23O13
511.4620,False,C34H58N2O
346.1797,False,C23H23NO2
721.5764,True,C47H76O5
681.2023,True,C31H36O17
591.1437,False,C38H22O7
238.0991,False,C13H16ClNO
641.1905,False,C22H36N6O12S2
555.3677,False,C34H50O6
360.0920,True,C14H17NO10
801.1142,False,C35H28O22
599.1965,False,C40H26N2O4
451.2112,False,C27H30O6
611.1239,False,C26H26O17
274.1437,True,C16H19NO3
470.1475,True,C21H27NO9S
204.1342,True,C8H17N3O3
774.2213,True,C33H41O21
182.9960,False,C5H10OS3
307.1763,False,C15H22N4O3
274.1280,False,C12H19NO6
719.5584,False,C40H79O8P
197.0444,True,C9H8O5
229.0495,False,C13H8O4
203.0926,True,C10H10N4O
491.3730,True,C30H50O5
189.1115,False,C9H16O4
505.2431,True,C27H36O9
849.8269,False,C55H108O5
163.0710,False,C5H10N2O4
272.2220,True,C15H29NO3
599.4093,True,C40H54O4
203.1793,False,C15H22
341.2470,False,C23H32O2
639.0801,False,C30H22O14S
362.1346,False,C17H19N3O6
200.0104,True,C8H6ClNO3
444.2407,False,C28H31N2O3
729.6388,False,C47H84O5
631.3688,False,C32H54O12
279.2318,True,C18H30O2
313.1181,False,C17H16N2O4
575.3729,False,C37H50O5
345.1797,True,C19H24N2O4
316.1542,False,C18H21NO4
1026.5211,False,C50H81N3O15P2
112.9996,False,CH5O4P
505.3020,False,C26H40N4O6
701.5350,False,C43H72O7
557.4200,True,C35H56O5
209.0289,False,C6H8O8
122.0960,False,C8H11N
527.1969,False,C21H34O15
297.1266,True,C14H20N2O3S
637.4309,False,C36H60O9
219.0585,False,C11H10N2OS
418.2374,False,C27H31NO3
200.0736,False,C9H13NO2S
628.2557,False,C24H41N3O16
430.3315,False,C27H43NO3
533.0747,False,C24H20O12S
484.3090,False,C26H45NO5S
597.5448,True,C37H72O5
601.4251,False,C40H56O4
401.1806,False,C19H28O9
141.9897,False,CH4NO5P
301.1798,True,C19H24O3
201.0480,True,C11H8N2S
233.1642,False,C14H20N2O
688.5274,False,C38H74NO7P
564.2591,False,C32H37NO8
185.0807,False,C9H12O4
497.0561,True,C20H16O15
350.0901,True,C16H16ClN3O4
352.1178,True,C20H17NO5
867.5170,False,C50H75O10P
871.5364,False,C54H70MgN4O6
183.0512,False,C6H6N4O3
141.0478,True,C6H8N2S
146.0234,False,C8H3NO2
163.0389,False,C9H6O3
310.9922,False,C5H12O11P2
435.1566,True,C23H27ClO6
494.1509,False,C23H28ClN3O5S
807.7431,False,C51H98O6
771.0665,False,C33H22O22
631.1656,False,C30H30O15
266.0957,False,C12H15N3O2S
306.1585,True,C11H23N5O3S
435.2012,False,C23H30O8
245.0971,False,C15H13FO2
491.1759,True,C21H30O13
93.0546,True,C3H8O3
889.2031,False,C40H40O23
674.2010,False,C31H35N3O12S
761.4363,False,C35H70O13P2
546.3868,True,C33H52O6
905.5303,True,C46H82O13P2
254.1022,False,C12H15NO5
207.0584,False,C10H10N2OS
587.3927,False,C35H54O7
681.1813,True,C34H32O15
489.0299,True,C21H12O14
255.0797,False,C11H14N2O3S
342.3001,False,C20H39NO3
886.7256,False,C51H100NO8P
99.0549,False,C4H6N2O
405.3722,True,C27H48O2
557.3836,False,C34H52O6
127.0750,False,C7H10O2
311.0320,False,C14H15O2PS2
800.6163,True,C45H86NO8P
400.1150,True,C21H19O8
395.1848,False,C24H26O5
463.1879,False,C25H31ClO6
646.6130,False,C42H79NO3
363.0707,True,C17H14O9
525.0322,True,C21H16Na2O14S
364.2270,False,C24H29NO2
607.4931,False,C37H66O6
588.2372,True,C29H37N3O8S
677.3738,False,C33H56O14
191.1427,True,C13H18O
480.0895,False,C21H19O13
621.4724,False,C37H64O7
373.0553,False,C18H12O9
428.0270,False,C10H14N5O10PS
240.0863,False,C11H13NO5
525.4778,False,C35H60N2O
217.0494,False,C12H8O4
281.1018,False,C14H16O6
801.4677,True,C38H74O13P2
751.5141,False,C46H70O8
749.6651,False,C47H88O6
799.6806,False,C51H90O6
221.1129,False,C8H16N2O5
889.4580,False,C47H68O16
458.1921,True,C23H27N3O7
705.3738,False,C31H62O13P2
511.0902,True,C22H22O12S
579.3831,True,C40H50O3
265.0630,True,C9H10F2N2O5
254.1147,False,C12H11N7
170.0577,True,C4H12NO4P
396.0931,False,C10H17N7O8S
319.0665,True,C16H15ClN2OS
307.1438,False,C19H18N2O2
281.2838,False,C19H36O
301.2736,False,C18H36O3
251.0814,False,C15H10N2O2
157.0681,False,C8H12OS
448.0999,False,C21H19O11
841.3217,True,C50H48O12
297.0599,False,C13H12O8
179.0921,False,C8H18S2
673.2651,False,C39H36N4O7
913.8218,False,C59H108O6
913.4943,False,C50H72O15
73.1003,True,C5H12
727.2441,False,C33H42O18
583.2384,False,C28H38O13
506.3240,False,C25H48NO7P
425.1096,False,C13H16N10O5S
313.1480,False,C17H20N4S
711.4308,False,C38H62O12
840.5703,True,C46H81NO10P
527.1759,False,C24H30O13
413.1230,False,C22H20O8
321.2058,False,C19H28O4
589.2030,True,C30H26F6N4O2
399.2164,True,C24H30O5
187.0236,True,C7H6O6
301.0554,True,C12H12O9
133.0606,False,C4H8N2O3
420.3105,True,C25H41NO4
629.1864,False,C31H32O14
75.0915,False,C3H10N2
449.0202,False,C16H16O11S2
400.1871,False,C22H29N3S2
687.4959,False,C38H71O8P
418.1258,False,C21H21O9
657.1636,True,C32H32O13S
199.0595,False,C9H10O5
425.1957,True,C25H28O6
748.5122,False,C39H74NO10P
381.2269,False,C21H32O6
153.1273,True,C10H16O
219.9909,False,C6H5NO6S
703.5747,False,C39H79N2O6P
545.0593,False,C21H20O15S
400.1688,False,C21H25N3O3S
318.1295,False,C12H19N3O7
432.1277,True,C15H22N5O8P
497.2167,False,C28H32O8
259.0711,False,C13H10N2O4
509.5891,False,C35H74N
469.9584,True,C8H14N3O12P3S
156.0418,True,C3H10NO4P
337.1069,False,C20H16O5
742.4653,False,C39H68NO10P
897.4675,False,C46H74O13P2
568.1964,True,C33H29NO8
316.1906,False,C19H25NO3
799.1715,False,C37H34O20
109.0138,True,C3H8S2
837.2824,True,C40H44N4O16
161.0202,True,C5FeN6O
155.0855,False,C12H10Hg
854.3135,False,C32H55NO25
157.1584,False,C10H20O
825.5514,False,C45H79NO10P
451.4505,True,C30H58O2
373.3827,False,C27H48
781.6215,False,C45H85N2O6P
644.5092,False,C36H69NO8
568.5012,False,C35H66O5
122.0269,True,C3H7NO2S
347.2941,False,C23H38O2
343.3026,True,C20H42O2Si
343.0812,False,C18H14O7
809.6054,False,C47H85O8P
633.4489,True,C34H65O8P
228.0267,False,C5H10NO7P
373.0759,True,C15H16O11
329.2586,False,C21H32N2O
61.0758,True,C2H8N2
727.2232,False,C36H38O16
473.1499,True,C17H28O15
572.3710,True,C30H54NO7P
297.0967,True,C14H16O7
648.4960,False,C35H70NO7P
411.2013,False,C21H30O8
576.2517,False,C30H38O11
818.6057,True,C48H84NO7P
372.1805,False,C21H25NO5
519.1132,False,C24H22O13
179.0015,True,C6H10S3
365.3774,True,C25H48O
655.2761,True,C36H38N4O8
407.1641,True,C28H22O3
378.0452,False,C16H11NO10
583.1962,True,C34H30O9
299.1862,True,C17H22N4O
276.1666,False,C10H21N5O4
335.0429,True,C12H14O9S
159.0285,True,C6H6O5
425.2896,False,C24H40O6
569.2645,True,C34H36N2O6
399.1132,False,C14H22O13
403.2326,False,C20H34O8
856.5205,False,C48H73NO12
514.2137,True,C21H31N5O10
459.2012,True,C25H30O8
489.3573,False,C30H48O5
152.0370,False,C4H9NO3S
130.0495,False,C5H7NO3
467.2273,False,C24H34O9
345.0812,True,C14H16O10
366.2062,False,C23H27NO3
275.1711,True,C11H22N4O4
190.0168,False,C6H7NO4S
559.1383,True,C34H22O8
249.1331,True,C11H20O6
88.0756,False,C4H9NO
795.5167,False,C44H75O10P
861.6963,False,C56H92O6
547.2747,False,C26H42O12
230.1539,False,C15H19NO
737.9934,False,C26H19N5O13S4
211.1229,True,C14H14N2
140.0337,False,C6H5NO3
753.5428,False,C43H77O8P
687.1225,True,C28H30O18S
209.0960,False,C15H12O
103.1354,True,C6H16N
561.0543,False,C21H20O16S
871.2230,True,C48H38O16
358.2004,False,C21H27NO4
827.6754,False,C52H90O7
580.2607,True,C26H45NO9S2
191.0702,False,C11H10O3
296.0696,False,C12H13N3O4S
327.1285,True,C12H22O10
251.0219,True,C8H10O7S
419.3519,False,C27H46O3
173.0376,False,C6H8N2O2S
435.2951,True,C22H42O8
861.7902,False,C55H104O6
62.0236,False,CH3NO2
346.0540,True,C10H12N5O7P
275.2216,False,C15H30O4
255.1087,True,C10H14N4O4
582.2725,False,C21H39N7O12
298.1285,False,C14H19NO6
690.1246,False,C31H29O16S
403.3426,False,C24H50S2
323.1148,True,C19H16NO4
855.2857,False,C46H46O16
341.1383,False,C20H20O5
390.0875,False,C12H23NO9S2
325.0011,False,C13H8O8S
756.5900,False,C43H82NO7P
151.0211,True,C8H6OS
393.1061,False,C19H22NO4S2
615.4101,True,C33H58O10
744.5534,False,C41H78NO8P
267.1463,False,C14H20NO4
140.1180,False,C7H13N3
752.4976,False,C38H73NO11S
804.6840,False,C46H94NO7P
751.6386,False,C53H82O2
269.1243,False,C11H16N4O4
522.0186,True,C11H18N5O13P3
376.3568,True,C25H45NO
524.5116,True,C34H66O3
765.4416,False,C41H64O13
747.5894,False,C42H83O8P
277.1139,True,C9H16N4O6
438.0885,False,C16H23NO9S2
633.5452,False,C40H72O5
234.9938,True,C7H7ClN2O3S
291.0718,False,C12H18O4S2
266.9735,False,C10H9Cl3O2
221.0767,False,C7H12N2O6
696.4962,False,C39H70NO7P
381.2630,False,C22H36O5
118.9216,False,CHCl3
403.2339,False,C21H30N4O4
885.6964,False,C58H92O6
343.1176,False,C19H18O6
890.1591,True,C28H42N7O18P3S
789.1143,False,C34H28O22
704.4495,False,C36H66NO10P
290.1104,False,C16H16O5
443.2426,True,C26H34O6
447.0921,True,C21H18O11
315.0660,False,C10H19O7PS
317.2110,False,C20H28O3
482.4567,True,C30H59NO3
415.3923,False,C29H50O
124.1118,True,C8H13N
427.1956,False,C21H30O9
500.0618,True,C20H19O13S
187.1115,True,C13H14O
611.5607,False,C38H74O5
440.7659,False,C10H5Cl9
344.1773,False,C21H26ClNO
417.1543,False,C22H24O8
396.3917,False,C26H50O2
276.1091,False,C12H13N5O3
421.1182,False,C26H16N2O4
421.1209,False,C15H24N4O6S2
135.1015,False,C6H14O3
135.0836,False,C6H14OS
336.1400,False,C12H21N3O8
433.2094,False,C23H30NO7
699.3157,False,C33H50N2O12S
264.1376,False,C18H17NO
569.4397,True,C33H60O7
797.4272,False,C49H56FeN4O6
356.1623,False,C14H23N6O3S
894.1541,False,C27H42N7O19P3S
737.5324,True,C39H77O10P
816.5537,True,C47H78NO8P
806.5694,False,C46H80NO8P
317.1640,False,C13H24N4O3S
680.4495,False,C34H66NO10P
117.0406,True,C2H4N4O2
148.9320,False,C2H3Cl3O
187.1440,False,C9H18N2O2
591.5346,True,C38H70O4
236.1757,True,C13H21N3O
77.0418,False,C3H8S
595.2233,True,C25H38O16
676.4933,True,C43H65NO5
479.3879,True,C33H50O2
785.6527,True,C45H89N2O6P
631.2761,False,C34H38N4O8
269.2838,False,C18H36O
426.3940,False,C26H51NO3
777.6938,False,C15H11I4NO4
361.1981,True,C17H24N6O3
355.2628,False,C24H34O2
127.0207,False,C6H6OS
373.3094,False,C25H40O2
585.9975,True,C12H8F17NO4S
436.2227,False,C25H29N3O4
377.3413,False,C25H44O2
173.0556,True,C6H8N2O4
1028.4075,False,C44H61N13O12S2
265.0207,False,C10H16S4
617.1137,True,C28H24O16
647.2638,False,C40H38O8
58.9823,False,CNS
231.1590,False,C12H22O4
362.2688,True,C22H35NO3
350.1166,False,C16H19N3O4S
858.6946,False,C49H96NO8P
681.2118,False,C42H32O9
887.5772,True,C44H88O13P2
372.1439,False,C20H21NO6
746.0983,False,C21H30N7O17P3
517.2431,False,C28H36O9
336.0699,True,C9H14N5O7P
391.2477,False,C23H34O5
273.2658,False,C16H34NO2
319.0956,False,C20H14O4
681.6541,False,C47H84O2
168.0433,True,C3H9N3O3S
72.0806,True,C4H9N
741.2232,False,C33H40O19
322.2739,False,C20H35NO2
704.5219,True,C38H74NO8P
784.5119,True,C42H74NO10P
653.5713,True,C40H76O6
187.0598,False,C8H10O5
719.3071,False,C41H42N4O8
474.1539,False,C19H27N3O9S
915.1613,True,C44H34O22
323.1026,True,C18H14N2O4
664.4907,False,C35H70NO8P
361.1656,False,C21H20N4O2
489.1534,True,C28H24O8
126.1023,True,C6H11N3
459.0551,False,C11H18N5O11P2
1012.9828,False,C20H30N10O26P6
581.3988,True,C40H52O3
335.2216,False,C20H30O4
466.1640,False,C21H27N3O7S
234.0978,False,C10H19NOS2
193.1221,False,C12H16O2
299.1125,True,C14H18O7
714.5431,True,C40H76NO7P
761.3025,False,C39H44N4O12
831.2353,False,C40H38N4O16
265.0461,False,C12H12N2OS2
540.1214,False,C21H25N5O8S2
375.0861,True,C22H14O6
497.0925,False,C21H20O14
514.2829,False,C26H43NO7S
560.4096,False,C37H53NO3
771.1978,False,C33H38O21
236.0915,False,C12H13NO4
771.4208,True,C36H68O13P2
222.0429,True,C7H11NO5S
151.0232,False,C4H6O6
394.0575,False,C11H16N5O7PS
275.0214,True,C10H10O7S
499.3780,True,C32H50O4
289.0376,True,C11H12O7S
269.1049,False,C13H17ClN2O2
193.0342,True,C6H8O7
707.3043,False,C36H46N6O5S2
473.1652,True,C21H28O12
607.5084,False,C41H66O3
615.1343,True,C29H26O15
245.0112,True,C9H8O6S
194.1539,False,C12H19NO
462.1441,False,C20H23N5O6S
814.6683,False,C47H92NO7P
358.1029,False,C17H15N3O6
213.1134,False,C12H12N4
686.5200,True,C38H71NO9
178.0544,True,C6H13NOP2
651.2131,True,C27H38O18
744.6345,False,C43H85NO8
167.0576,False,C8H8NO3
138.9701,False,C3H6S3
287.0574,False,C15H11ClN2O2
787.6807,True,C50H90O6
393.2172,False,C24H28N2O3
60.0808,False,C3H9N
456.1434,True,C19H25N3O8S
787.0988,True,C34H26O22
491.0455,False,C21H14O14
770.2414,True,C38H41O17
861.7327,False,C57H96O5
827.5795,True,C46H83O10P
359.1520,False,C17H26O6S
342.0733,True,C18H13O7
836.6614,False,C20H8I4O5
483.2223,False,C24H34O10
597.1601,True,C30H28O13
637.3945,False,C35H56O10
197.0807,False,C10H12O4
353.3413,False,C23H44O2
460.3129,True,C28H42O5
501.3211,False,C30H44O6
382.0161,False,C14H11N3O6S2
893.7590,True,C58H100O6
837.5297,True,C53H72O8
357.0637,False,C15H16O8S
804.5748,True,C43H82NO10P
346.1234,False,C15H24NO4PS
342.0609,False,C10H19N3O4S3
233.0266,False,C12H8O3S
846.6216,True,C46H88NO10P
295.1321,False,C19H18O3
348.1230,False,C21H17NO4
221.0629,True,C12H12O2S
163.0170,False,C4H6N2O3S
212.0817,False,C12H9N3O
464.1310,True,C22H23O11
412.1880,False,C23H21N7O
667.5871,False,C41H78O6
429.1027,False,C18H20O12
383.1336,False,C18H22O9
437.1956,False,C26H28O6
605.3724,True,C30H53NO11
185.0113,False,C4H8O6S
264.1012,True,C9H17N3O4S
303.0611,False,C14H10N2O6
320.2219,False,C19H29NO3
192.0841,False,C11H13NS
361.1102,False,C19H20O5S
525.1236,True,C23H24O14
133.0493,True,C5H8O4
275.0910,False,C15H14O5
441.3572,False,C26H48O5
689.1168,True,C31H28O16S
527.1335,False,C30H22O9
379.1902,True,C24H26O4
899.1664,True,C44H34O21
294.2788,False,C19H35NO
264.0873,False,C14H17NS2
547.3849,False,C30H58O4S2
726.4338,False,C38H64NO10P
435.2774,False,C22H42O6S
262.1371,False,C14H19N3S
309.1120,False,C19H16O4
823.6809,False,C53H90O6
635.4644,True,C34H67O8P
200.9943,True,C4F8
724.2211,False,C34H36F3NO13
505.1763,True,C18H32O16
726.4938,True,C43H67NO8
333.2297,False,C20H30NO3
626.1628,False,C31H29O14
852.1798,True,C26H44N7O17P3S
515.2439,True,C33H30N4O2
178.0974,False,C9H11N3O
323.1277,False,C20H18O4
113.0595,True,C6H8O2
521.3601,True,C27H53O7P
539.5032,False,C34H66O4
227.1100,False,C12H18O2S
328.2271,False,C21H29NO2
599.1969,False,C27H34O15
271.0634,False,C12H14O5S
464.0812,False,C14H18N5O11P
661.5918,False,C46H76O2
352.1614,False,C15H21N5O5
546.2028,False,C20H35NO16
250.0238,False,C4H13NO7P2
163.1228,False,C10H14N2
134.0811,True,C5H11NO3Se
225.1134,False,C13H12N4
679.2079,False,C28H38O19
835.8109,False,C54H106O5
95.0157,False,C2H6O2S
217.2034,True,C12H26NO2
145.0742,True,C9H8N2
106.0858,False,C4H11NO2
460.1937,True,C20H25N7O6
117.1146,False,C6H14NO
559.1115,False,C23H26O14S
782.5687,True,C44H80NO8P
157.1948,False,C11H24
223.2056,False,C15H26O
900.7411,False,C52H102NO8P
810.6815,True,C48H91NO8
855.5098,False,C45H74O15
531.4025,False,C33H54O5
220.1329,True,C13H17NO2
861.4839,False,C43H72O17
273.0425,True,C11H12O6S
247.1805,True,C15H22N2O
129.0690,False,C10H8
302.2324,False,C16H31NO4
142.0974,True,C6H11N3O
671.4643,False,C37H67O8P
111.0263,True,C6H6S
263.1237,False,C10H18N2O6
483.2375,True,C28H34O7
344.1602,False,C18H21N3O4
135.0286,True,C4H6O5
277.0915,False,C11H16O8
322.0767,True,C11H15NO10
590.1142,False,C18H29N3O15P2
233.0628,False,C13H12O2S
617.4556,False,C41H60O4
641.1712,True,C28H32O17
647.2386,True,C38H34N2O8
358.2375,True,C22H31NO3
314.2325,True,C17H31NO4
687.5193,True,C42H70O7
277.0739,False,C11H16O6S
486.2265,False,C25H32ClN5O3
480.0433,True,C16H22BrN3O7S
275.1515,False,C16H20NO3
475.3053,True,C28H42O6
262.1186,False,C13H15N3O3
291.1186,True,C11H18N2O7
259.0960,False,C15H14O4
475.1655,False,C17H30O15
218.1499,False,C9H19N3O3
851.6909,False,C58H90O4
342.0815,False,C14H15NO9
469.1870,False,C26H29NO5S
599.4304,False,C37H58O6
279.1794,False,C13H26O6
224.0374,False,C10H9NO3S
205.0164,False,C7H8O5S
285.0966,False,C13H16O7
546.3554,True,C28H52NO7P
672.5407,False,C38H73NO8
149.1323,True,C11H16
175.0058,False,C6H6O4S
247.0924,False,C9H14N2O6
407.2576,True,C27H34O3
715.4262,False,C37H62O13
283.2055,False,C20H26O
303.0692,True,C16H12ClFN2O
411.2892,False,C27H38O3
637.1762,True,C29H32O16
567.1854,False,C30H30O11
567.2799,False,C29H42O11
